{"Annotations":[1,101,201,301,401,501],"FrameTimeOverAnnotation":[0.03256187215447426,0.018162516877055169,0.022389907389879228,0.02711828239262104,0.037868376821279529,0.04069612920284271],"BatchesOverAnnotation":[93,293,493,693,893,1093]}